{
    "root_group": {
        "name": "",
        "path": "",
        "id": "d41d8cd98f00b204e9800998ecf8427e",
        "groups": {},
        "checks": {}
    },
    "metrics": {
        "vus_max": {
            "max": 1000,
            "value": 1000,
            "min": 1000
        },
        "http_req_blocked": {
            "med": 35.093,
            "max": 6709.725,
            "p(90)": 38.87,
            "p(95)": 39.6192,
            "avg": 53.07839172281035,
            "min": 0.003
        },
        "data_sent": {
            "rate": 68920.19252557056,
            "count": 708384
        },
        "iterations": {
            "count": 1039,
            "rate": 101.08652938811127
        },
        "http_req_tls_handshaking": {
            "med": 0,
            "max": 0,
            "p(90)": 0,
            "p(95)": 0,
            "avg": 0,
            "min": 0
        },
        "data_received": {
            "rate": 3052.4434774038527,
            "count": 31374
        },
        "http_req_duration": {
            "avg": 1170.6840760346486,
            "min": 5.74,
            "med": 9.616,
            "max": 10054.854,
            "p(90)": 7392.201000000001,
            "p(95)": 8445.3527
        },
        "http_req_connecting": {
            "med": 34.985,
            "max": 6709.71,
            "p(90)": 38.760600000000004,
            "p(95)": 39.48459999999999,
            "avg": 52.94050433108756,
            "min": 0
        },
        "http_req_receiving": {
            "p(95)": 0.11,
            "avg": 0.01606929740134746,
            "min": 0,
            "med": 0,
            "max": 0.386,
            "p(90)": 0.05620000000000003
        },
        "http_req_failed": {
            "passes": 873,
            "fails": 166,
            "value": 0.8402309913378249
        },
        "http_req_duration{expected_response:true}": {
            "avg": 7266.910921686747,
            "min": 325.061,
            "med": 7742.691,
            "max": 10054.854,
            "p(90)": 9536.183500000001,
            "p(95)": 9773.6255
        },
        "iteration_duration": {
            "avg": 1328.5966500019244,
            "min": 33.081292,
            "med": 206.109708,
            "max": 10054.810292,
            "p(90)": 7435.2766922,
            "p(95)": 8445.402483
        },
        "vus": {
            "min": 852,
            "max": 1000,
            "value": 852
        },
        "http_reqs": {
            "count": 1039,
            "rate": 101.08652938811127
        },
        "http_req_sending": {
            "p(90)": 2.2562,
            "p(95)": 2.7554999999999943,
            "avg": 0.9681761308950905,
            "min": 0.007,
            "med": 0.92,
            "max": 3.62
        },
        "http_req_waiting": {
            "max": 10054.796,
            "p(90)": 7392.1446000000005,
            "p(95)": 8445.2802,
            "avg": 1169.6998306063522,
            "min": 4.401,
            "med": 8.084
        }
    }
}